{
  "name": "Nano System Monitor",
  "description": "Show current status on GNOME Shell panel\n\nbar shows CPU|memory|swap usages,then the download|upload speed and CPU temperature\n\nDifferent colors represent different percentage states and CPU temperature\n\nplease use monospaced font for best experience",
  "uuid": "nano-system-monitor@linkvall.cn",
  "version": 1,
  "shell-version": [
    "42",
    "41",
    "40",
    "3.38",
    "3.36",
    "3.34"
  ],
  "url": "https://github.com/eeeeeio/gnome-shell-extension-nano-system-monitor"
}
